TEAM_ID,TEAM_NAME,GP,W,L,W_PCT,MIN,FGM,FGA,FG_PCT,FG3M,FG3A,FG3_PCT,FTM,FTA,FT_PCT,OREB,DREB,REB,AST,TOV,STL,BLK,BLKA,PF,PFD,PTS,PLUS_MINUS,GP_RANK,W_RANK,L_RANK,W_PCT_RANK,MIN_RANK,FGM_RANK,FGA_RANK,FG_PCT_RANK,FG3M_RANK,FG3A_RANK,FG3_PCT_RANK,FTM_RANK,FTA_RANK,FT_PCT_RANK,OREB_RANK,DREB_RANK,REB_RANK,AST_RANK,TOV_RANK,STL_RANK,BLK_RANK,BLKA_RANK,PF_RANK,PFD_RANK,PTS_RANK,PLUS_MINUS_RANK
1610612737,Atlanta Hawks,6,2,4,0.333,288.0,225,507,0.444,50,164,0.305,133,174,0.764,68,198,266,134,96.0,36,20,45,128,149,633,-7.0,10,10,2,10,11,10,10,12,12,9,15,9,9,12,9,11,10,9,8,13,12,9,5,9,10,7
1610612738,Boston Celtics,18,9,9,0.5,869.0,691,1513,0.457,229,620,0.369,283,366,0.773,170,513,683,485,242.0,139,74,93,374,342,1894,-52.0,1,3,16,5,1,3,1,7,2,1,6,4,4,8,2,3,4,1,16,2,5,16,16,3,3,13
1610612741,Chicago Bulls,6,2,4,0.333,288.0,218,495,0.44,42,141,0.298,101,119,0.849,75,205,280,120,92.0,43,31,22,110,103,579,-41.0,10,10,2,10,11,11,11,14,15,12,16,12,14,2,7,10,9,12,7,11,10,1,3,14,11,10
1610612739,Cleveland Cavaliers,18,13,5,0.722,864.0,737,1495,0.493,256,610,0.42,362,472,0.767,166,593,759,397,235.0,133,84,68,338,401,2092,143.0,1,2,10,2,2,1,2,2,1,2,1,1,1,11,3,2,2,3,15,3,3,14,14,1,1,2
1610612744,Golden State Warriors,17,16,1,0.941,816.0,730,1479,0.494,216,559,0.386,352,432,0.815,158,620,778,480,232.0,148,104,65,370,367,2028,230.0,3,1,1,1,3,2,3,1,3,3,4,2,2,3,4,1,1,2,14,1,1,13,15,2,2,1
1610612745,Houston Rockets,11,6,5,0.545,533.0,410,935,0.439,141,423,0.333,224,284,0.789,109,363,472,215,154.0,85,51,77,230,214,1185,13.0,6,6,10,3,6,6,6,15,4,4,10,6,6,7,6,6,6,7,11,6,6,15,10,7,6,4
1610612754,Indiana Pacers,4,0,4,0.0,192.0,162,348,0.466,45,115,0.391,66,86,0.767,47,121,168,90,53.0,32,15,25,91,73,435,-16.0,15,15,2,15,15,15,16,4,13,16,3,16,16,10,14,16,16,15,1,14,15,4,2,16,15,9
1610612746,LA Clippers,7,3,4,0.429,336.0,255,539,0.473,57,164,0.348,117,168,0.696,54,210,264,129,85.0,44,17,22,142,146,684,-8.0,9,9,2,7,9,9,9,3,9,9,9,10,10,14,12,9,11,10,6,10,14,1,8,10,9,8
1610612763,Memphis Grizzlies,6,2,4,0.333,293.0,208,463,0.449,56,145,0.386,106,122,0.869,46,167,213,113,68.0,31,15,23,133,115,578,-50.0,10,10,2,10,10,13,13,9,10,11,5,11,13,1,15,13,14,13,4,15,15,3,7,12,12,12
1610612749,Milwaukee Bucks,6,2,4,0.333,288.0,209,469,0.446,54,130,0.415,87,125,0.696,49,179,228,127,80.0,49,30,28,128,127,559,-4.0,10,10,2,10,11,12,12,10,11,15,2,14,12,15,13,12,12,11,5,9,11,6,5,11,13,6
1610612760,Oklahoma City Thunder,5,1,4,0.2,240.0,193,437,0.442,42,135,0.311,93,135,0.689,61,157,218,99,64.0,42,40,25,111,113,521,-43.0,14,14,2,14,14,14,14,13,15,14,14,13,11,16,11,14,13,14,3,12,8,4,4,13,14,11
1610612757,Portland Trail Blazers,4,0,4,0.0,192.0,142,358,0.397,44,136,0.324,78,97,0.804,40,136,176,63,61.0,29,19,41,87,75,406,-72.0,15,15,2,15,15,16,15,16,14,13,12,15,15,5,16,15,15,16,2,16,13,8,1,15,16,16
1610612759,San Antonio Spurs,16,8,8,0.5,778.0,640,1385,0.462,137,391,0.35,296,383,0.773,204,507,711,341,204.0,124,75,63,300,341,1713,16.0,4,4,15,5,4,4,4,5,5,5,8,3,3,9,1,4,3,4,13,4,4,12,13,4,4,3
1610612761,Toronto Raptors,10,4,6,0.4,480.0,353,795,0.444,78,235,0.332,183,225,0.813,68,325,393,196,129.0,74,44,50,209,199,967,-57.0,8,7,12,8,8,8,8,11,8,8,11,8,8,4,9,8,8,8,9,8,7,10,9,8,8,15
1610612762,Utah Jazz,11,4,7,0.364,528.0,392,862,0.455,104,285,0.365,188,257,0.732,74,356,430,217,133.0,81,35,36,232,224,1076,-52.0,6,7,14,9,7,7,7,8,7,7,7,7,7,13,8,7,7,6,10,7,9,7,11,6,7,13
1610612764,Washington Wizards,13,7,6,0.538,629.0,521,1139,0.457,109,344,0.317,254,320,0.794,145,414,559,296,179.0,103,86,57,299,293,1405,0.0,5,5,12,4,5,5,5,6,6,6,13,5,5,6,5,5,5,5,12,5,2,11,12,5,5,5
